num_particles,velocity,forces_x,forces_y,forces_z,radius,yzarea
1.0,0.01,2.7922163217592447e-10,5.296168520340401e-09,-1.4990010850289774e-14,0.0005,7.79568834313217e-07
1.0,0.01473684210526316,4.6134946786476827e-10,5.296226053538248e-09,-2.300976694882511e-14,0.0005,7.79568834313217e-07
1.0,0.019473684210526317,1.2677079115020646e-08,1.544715971376982e-08,-2.6713069379456994e-12,0.0005,7.79568834313217e-07
1.0,0.024210526315789474,8.344846647951386e-10,5.2961102052208905e-09,-4.4455881949637117e-14,0.0005,7.79568834313217e-07
1.0,0.02894736842105263,1.076674187026442e-09,5.296667203436944e-09,-6.5546234550249e-14,0.0005,7.79568834313217e-07
1.0,0.03368421052631579,1.2734211701528084e-09,5.296243840744664e-09,-7.858294479319444e-14,0.0005,7.79568834313217e-07
1.0,0.03842105263157895,1.535065922241692e-09,5.295976938647856e-09,-1.0548015941514114e-13,0.0005,7.79568834313217e-07
1.0,0.04315789473684211,1.769427934333281e-09,5.29597023031279e-09,-1.2584504977040031e-13,0.0005,7.79568834313217e-07
1.0,0.04789473684210527,2.0442201745965446e-09,5.295938337187163e-09,-1.5646066490416602e-13,0.0005,7.79568834313217e-07
1.0,0.052631578947368425,2.321289144429592e-09,5.29590627276894e-09,-1.8748448039017795e-13,0.0005,7.79568834313217e-07
1.0,0.05736842105263158,2.609193513812476e-09,5.295870230126797e-09,-2.211901188503983e-13,0.0005,7.79568834313217e-07
1.0,0.06210526315789474,2.908142537746929e-09,5.295833518015902e-09,-2.57700064392002e-13,0.0005,7.79568834313217e-07
1.0,0.0668421052631579,3.2176184142721216e-09,5.295793818257667e-09,-2.968427953724558e-13,0.0005,7.79568834313217e-07
1.0,0.07157894736842106,3.537397687103212e-09,5.295750930365578e-09,-3.3855832182348707e-13,0.0005,7.79568834313217e-07
1.0,0.07631578947368421,3.867747107049439e-09,5.2957075145190845e-09,-3.830784847780733e-13,0.0005,7.79568834313217e-07
1.0,0.08105263157894736,4.208079800178839e-09,5.2956607685654345e-09,-4.3012204974265935e-13,0.0005,7.79568834313217e-07
1.0,0.08578947368421053,4.5584967207756235e-09,5.295612248804642e-09,-4.79680637392064e-13,0.0005,7.79568834313217e-07
1.0,0.09052631578947369,4.9188944417065295e-09,5.295561912902351e-09,-5.318310191502659e-13,0.0005,7.79568834313217e-07
1.0,0.09526315789473684,5.28917571530164e-09,5.295509853200232e-09,-5.866434515901586e-13,0.0005,7.79568834313217e-07
1.0,0.1,5.668867527745808e-09,5.295453191478863e-09,-6.436522984791272e-13,0.0005,7.79568834313217e-07
2.0,0.01,5.177596403685988e-10,1.0563206200326319e-08,-3.275670174442422e-14,0.0005,1.5591377000913906e-06
2.0,0.01473684210526316,5.266393346531778e-10,1.0602134702447491e-08,-3.385592434244401e-14,0.0005,7.79568834313217e-07
2.0,0.019473684210526317,9.091062467098726e-10,1.047327932540436e-08,-5.64466118144477e-14,0.0005,7.79568834313217e-07
2.0,0.024210526315789474,1.1742255033440284e-09,1.0478479109840126e-08,-8.31825666368687e-14,0.0005,7.79568834313217e-07
2.0,0.02894736842105263,1.2387053373709868e-09,1.0602054397501165e-08,-7.363266754375871e-14,0.0005,7.79568834313217e-07
2.0,0.03368421052631579,2.274926984847175e-09,1.0464368572466395e-08,-2.356425038534703e-12,0.0005,1.2547526845445695e-06
2.0,0.03842105263157895,2.8826274808081116e-09,1.0566405651851705e-08,-2.5900708769216607e-13,0.0005,1.5591377000913906e-06
2.0,0.04315789473684211,2.241159251251043e-09,1.0475303277073255e-08,-2.1261574188527209e-13,0.0005,7.79568834313217e-07
2.0,0.04789473684210527,3.909572588955259e-09,1.0599765574074727e-08,4.9092824991901854e-12,0.0005,1.559137569944846e-06
2.0,0.052631578947368425,4.097284706099845e-09,1.0462164963737081e-08,-3.2324916924847655e-12,0.0005,1.2547526845445695e-06
2.0,0.05736842105263158,4.60501012501805e-09,1.0461790047997139e-08,2.643057842144055e-12,0.0005,1.2547526229384207e-06
2.0,0.06210526315789474,3.3265832985206753e-09,1.0472021420021175e-08,-4.2725568402753767e-13,0.0005,7.79568834313217e-07
2.0,0.0668421052631579,5.681589815969935e-09,1.0461096955447693e-08,-3.928589073564157e-12,0.0005,1.2547526845445695e-06
2.0,0.07157894736842106,6.248834082975101e-09,1.0460780539106705e-08,2.89912015202072e-12,0.0005,1.2547526229384207e-06
2.0,0.07631578947368421,4.432070011717644e-09,1.0601697015268226e-08,-4.17100122254493e-13,0.0005,7.79568834313217e-07
2.0,0.08105263157894736,7.428206390328652e-09,1.0435890585504619e-08,-1.4186562861228398e-12,0.0005,1.2571030839892433e-06
2.0,0.08578947368421053,9.091256217027428e-09,1.059888406651408e-08,7.356142406716665e-12,0.0005,1.559137569944846e-06
2.0,0.09052631578947369,4.865487572003133e-09,1.046875636684781e-08,-8.881848520232453e-13,0.0005,7.79568834313217e-07
2.0,0.09526315789473684,1.0635584210714771e-08,1.056903365345679e-08,-1.537010162345357e-12,0.0005,1.5591377000913906e-06
2.0,0.1,1.1443294163638583e-08,1.0598445088749766e-08,8.24174159828082e-12,0.0005,1.559137569944846e-06
3.0,0.01,7.900053112527425e-10,1.5673832659419886e-08,-8.53112097445536e-14,0.0005,2.0366719336762517e-06
3.0,0.01473684210526316,1.3598611010324263e-09,1.5692724132418485e-08,-2.8480251953449433e-12,0.0005,1.729936536941182e-06
3.0,0.019473684210526317,1.192676751276131e-09,1.5833806192041996e-08,-9.212057062897422e-14,0.0005,7.79568834313217e-07
3.0,0.024210526315789474,1.2277926986546284e-09,1.5790882801870452e-08,-6.577227745751738e-14,0.0005,7.79568834313217e-07
3.0,0.02894736842105263,2.6780451171934126e-09,1.5646827454653602e-08,6.306722691641599e-13,0.0005,1.700819744206572e-06
3.0,0.03368421052631579,1.3225539630610815e-09,1.5702328641974965e-08,-1.8447310724601825e-13,0.0005,7.79568834313217e-07
3.0,0.03842105263157895,4.351042614315159e-09,1.5903782936904948e-08,-1.376969885817224e-13,0.0005,2.338706367955505e-06
3.0,0.04315789473684211,3.1027393220688836e-09,1.6617928336662338e-08,-8.872716433167327e-13,0.0005,1.257103083989243e-06
3.0,0.04789473684210527,4.016638778568848e-09,1.6121807633448096e-08,-4.5409468932510255e-13,0.0005,1.5591377000913906e-06
3.0,0.052631578947368425,6.597869592704732e-09,1.5687510241519332e-08,1.7616669652024525e-10,0.0005,2.338706415164378e-06
3.0,0.05736842105263158,7.670536290506728e-09,1.5826288342825933e-08,-9.733598518827892e-13,0.0005,2.3387065453109226e-06
3.0,0.06210526315789474,4.923400986610508e-09,1.7326922856794938e-08,-7.718756612389446e-13,0.0005,1.257103083989243e-06
3.0,0.0668421052631579,8.345845375455216e-09,1.6147288036981106e-08,-5.757519834320236e-11,0.0005,2.034321550322743e-06
3.0,0.07157894736842106,5.903380734408545e-09,1.773121592914325e-08,-7.636900447176973e-13,0.0005,1.257103083989243e-06
3.0,0.07631578947368421,3.213402806967069e-09,1.5687429484318432e-08,-7.96947865392494e-13,0.0005,7.79568834313217e-07
3.0,0.08105263157894736,8.468902178371705e-09,1.5905452550191817e-08,6.879224478844185e-10,0.0005,1.559137569944846e-06
3.0,0.08578947368421053,1.1590464181523628e-08,1.5373149297704396e-08,-2.683819078495261e-10,0.0005,1.700819745983109e-06
3.0,0.09052631578947369,9.969997740315046e-09,1.507656690359772e-08,-1.3424749438884932e-12,0.0005,1.5591377000913906e-06
3.0,0.09526315789473684,1.348172186325457e-08,1.5295482015290245e-08,-3.18742750003191e-10,0.0005,1.7008197414986686e-06
3.0,0.1,9.035604469273771e-09,1.9159309572810546e-08,-1.0099053377931311e-12,0.0005,1.2571030600607122e-06
4.0,0.01,1.2173176004484239e-09,2.0938741105783893e-08,9.561067216778906e-13,0.0005,2.205120426738898e-06
4.0,0.01473684210526316,1.0290891945624955e-09,2.1017107216093517e-08,2.3801374494733147e-14,0.0005,1.5591377000913906e-06
4.0,0.019473684210526317,1.0304599570937692e-09,2.0960380573159818e-08,-1.6307068741614844e-10,0.0005,1.2547526229384207e-06
4.0,0.024210526315789474,2.0221094395437464e-09,2.0739600041197655e-08,-1.581477329605265e-13,0.0005,2.036671905280244e-06
4.0,0.02894736842105263,3.4638842533125444e-09,2.0843941600902883e-08,-1.7558211475231104e-11,0.0005,2.5142060872729633e-06
4.0,0.03368421052631579,2.6519565953330463e-09,2.109554519232146e-08,-2.2810478086326953e-10,0.0005,1.559137632323876e-06
4.0,0.03842105263157895,5.13466163146388e-09,2.0758396600884534e-08,-1.8530815037457063e-11,0.0005,2.511855742938076e-06
4.0,0.04315789473684211,4.130842530803351e-09,2.1627786033279466e-08,3.8701633771452706e-10,0.0005,2.034321339742662e-06
4.0,0.04789473684210527,4.442931030346818e-09,2.096912676968094e-08,-1.1254818171590982e-11,0.0005,1.559137632323876e-06
4.0,0.052631578947368425,5.223504747928096e-09,2.1074694816624918e-08,8.638530973830605e-11,0.0005,2.034321333315078e-06
4.0,0.05736842105263158,9.369387070148276e-09,2.104195980088297e-08,6.113481427496295e-10,0.0005,2.5142060952636485e-06
4.0,0.06210526315789474,7.319227369177217e-09,2.1425236954507886e-08,1.0275266392462701e-10,0.0005,2.036671881999902e-06
4.0,0.0668421052631579,6.6739193989081975e-09,2.2373632637716767e-08,-1.584582942635845e-09,0.0005,1.7008197442065722e-06
4.0,0.07157894736842106,1.1879698663756417e-08,1.9821940087754457e-08,-3.0847349838466655e-12,0.0005,2.1445364022352025e-06
4.0,0.07631578947368421,1.0898703992442534e-08,2.0854641541313384e-08,-9.833712897789218e-10,0.0005,1.7299364731697732e-06
4.0,0.08105263157894736,9.508835954298217e-09,2.2224031054728864e-08,8.960617848426724e-10,0.0005,2.034321468747325e-06
4.0,0.08578947368421053,6.503203656866592e-09,2.1213573347050296e-08,-6.103572803713994e-13,0.0005,7.79568834313217e-07
4.0,0.09052631578947369,1.6764059701454817e-08,2.0807567391132903e-08,-1.1776135732524113e-09,0.0005,2.146886841062672e-06
4.0,0.09526315789473684,1.270726522787801e-08,1.9551082663233303e-08,-1.393821058046157e-09,0.0005,1.7008197024930011e-06
4.0,0.1,2.120250015732585e-08,1.9120270771780107e-08,-2.767887916875777e-10,0.0005,2.5095053230457057e-06
5.0,0.01,7.340530328423216e-10,2.6123054497290948e-08,1.816854746493443e-10,0.0005,2.034321333315078e-06
5.0,0.01473684210526316,1.1457139790527087e-09,2.6316223102218097e-08,-1.6054238811091267e-13,0.0005,1.559137679532749e-06
5.0,0.019473684210526317,2.0519058100929126e-09,2.632527803950634e-08,-1.9229208282717773e-13,0.0005,2.212171561899463e-06
5.0,0.024210526315789474,2.4206809818905082e-09,2.649288484989999e-08,5.972168523809074e-11,0.0005,2.0366718615258434e-06
5.0,0.02894736842105263,3.1511458873611382e-09,2.601945897083649e-08,-3.7438919508163696e-10,0.0005,2.5095054027193556e-06
5.0,0.03368421052631579,3.2271491246066935e-09,2.6168134881804645e-08,6.239111436205146e-11,0.0005,2.5095053230457057e-06
5.0,0.03842105263157895,5.369091551767078e-09,2.634193411286535e-08,-6.566072359334426e-10,0.0005,2.5142061786896726e-06
5.0,0.04315789473684211,6.235914061828339e-09,2.5976774252349104e-08,-1.4979463656624646e-11,0.0005,2.81389034984527e-06
5.0,0.04789473684210527,5.311847203092745e-09,2.5832918086839728e-08,-2.7750258249798064e-11,0.0005,2.1760035845598704e-06
5.0,0.052631578947368425,5.826957739277789e-09,2.726993325105127e-08,-2.399470887361175e-11,0.0005,2.3387064357230196e-06
5.0,0.05736842105263158,9.483507852590576e-09,2.6024054150721502e-08,2.6985135959713876e-10,0.0005,3.1182751768726955e-06
5.0,0.06210526315789474,1.302428228588686e-08,2.669430787874311e-08,-8.295227664770779e-10,0.0005,2.9579227279402134e-06
5.0,0.0668421052631579,1.0292569451584062e-08,2.67163141330359e-08,-3.9514201582825504e-12,0.0005,2.212171539967192e-06
5.0,0.07157894736842106,6.3149957803106605e-09,2.6309964297438002e-08,-7.574953125151298e-10,0.0005,1.559137569944846e-06
5.0,0.07631578947368421,1.3334997228849663e-08,2.8802399879496458e-08,1.862810851666485e-09,0.0005,2.8162406326324344e-06
5.0,0.08105263157894736,7.662290122985706e-09,2.2508223751840232e-08,-9.694113972177748e-10,0.0005,2.036671819620872e-06
5.0,0.08578947368421053,1.8747005890004332e-08,2.530954710344313e-08,-4.6587428188208385e-12,0.0005,2.212171539967192e-06
5.0,0.09052631578947369,1.3974922932437667e-08,2.466962419857546e-08,2.4555450164241574e-10,0.0005,2.509505382160714e-06
5.0,0.09526315789473684,2.502132619431157e-08,2.597730496682537e-08,-2.8313668504258265e-09,0.0005,2.9917403724836423e-06
5.0,0.1,9.40378560418745e-09,2.5442530579092716e-08,-1.8849749804896337e-12,0.0005,1.5591377000913906e-06
6.0,0.01,1.1258002572065328e-09,3.059749309779322e-08,-1.933363391187922e-10,0.0005,2.7843201500077192e-06
6.0,0.01473684210526316,6.487928168071601e-10,3.1453106854341556e-08,-8.300422570260548e-14,0.0005,7.79568834313217e-07
6.0,0.019473684210526317,4.7971613835895466e-06,2.435808461895965e-06,1.1040832317693803e-06,0.0005,1.257103083989243e-06
6.0,0.024210526315789474,3.2740715506088137e-09,3.1929345430578626e-08,-3.7149148035655155e-10,0.0005,3.5934590515008737e-06
6.0,0.02894736842105263,2.934000096501734e-09,3.1308355750015675e-08,1.553963935135802e-10,0.0005,2.5142060883018254e-06
6.0,0.03368421052631579,5.38184269638164e-09,3.166601152549638e-08,2.2743434184782348e-10,0.0005,2.991740275598822e-06
6.0,0.03842105263157895,5.314749090844255e-09,3.0515868713311516e-08,-9.296808880423754e-11,0.0005,2.426003585158509e-06
6.0,0.04315789473684211,6.661661719563268e-09,3.2002738012987266e-08,1.1549791389094562e-09,0.0005,3.1201722000393533e-06
6.0,0.04789473684210527,5.137691267208739e-09,3.116024824742244e-08,-6.490183046838455e-11,0.0005,2.3406034823459293e-06
6.0,0.052631578947368425,9.585950528045295e-09,3.294955476741269e-08,1.120825350660169e-09,0.0005,3.5958093661484877e-06
6.0,0.05736842105263158,4.818516692436555e-09,3.258623565552165e-08,1.4903769405660004e-09,0.0005,1.7008197024930011e-06
6.0,0.06210526315789474,1.0016082706100143e-08,3.171029284206651e-08,5.241496737736938e-10,0.0005,2.5095053389479467e-06
6.0,0.0668421052631579,1.0465752544030582e-08,3.154619994702431e-08,-3.682333479335814e-10,0.0005,2.8138901857227e-06
6.0,0.07157894736842106,1.1179164428016771e-08,3.341441755765259e-08,-2.4592563716423307e-10,0.0005,2.428354025378333e-06
6.0,0.07631578947368421,2.1422393165301743e-08,2.9485125920409372e-08,3.7358392709377495e-11,0.0005,3.764257844267903e-06
6.0,0.08105263157894736,1.0340376188895692e-08,3.143877466027502e-08,2.9588553980213216e-09,0.0005,2.0343215140200764e-06
6.0,0.08578947368421053,1.7826380662481146e-08,3.3498506465795537e-08,7.587197779563429e-11,0.0005,3.2914245541117362e-06
6.0,0.09052631578947369,1.5207151784765918e-08,3.307327730213344e-08,1.146285830589546e-09,0.0005,2.9846891697995106e-06
6.0,0.09526315789473684,2.1502204425476715e-08,3.1306792197653745e-08,1.6013796324848844e-10,0.0005,2.9264555247489854e-06
6.0,0.1,2.4396836301747736e-08,3.0887591021186065e-08,-5.365460138692644e-10,0.0005,2.6244209962267026e-06
7.0,0.01,1.454282843241535e-09,3.689815382095569e-08,-1.0889113257967859e-10,0.0005,4.37302779980709e-06
7.0,0.01473684210526316,2.1625180241961937e-09,3.7043071366015836e-08,1.1126910875416182e-10,0.0005,3.897843882770297e-06
7.0,0.019473684210526317,2.4667063260438268e-09,3.6908903762391144e-08,5.3214953096758236e-11,0.0005,2.984689139296115e-06
7.0,0.024210526315789474,2.7434940550122824e-09,3.682929295350185e-08,3.762353972684419e-10,0.0005,2.813890286727253e-06
7.0,0.02894736842105263,2.8560766479341393e-09,3.664620729894031e-08,-1.6346552400201846e-13,0.0005,1.7346373097367383e-06
7.0,0.03368421052631579,4.541299203310195e-09,3.686813167199303e-08,-1.5771277587396138e-09,0.0005,2.65353788629258e-06
7.0,0.03842105263157895,3.0451791140334807e-09,3.6850053245571636e-08,2.874765698701361e-10,0.0005,1.559137632323876e-06
7.0,0.04315789473684211,6.284203262450279e-09,3.598326551274846e-08,5.569239091587812e-10,0.0005,2.957922777052605e-06
7.0,0.04789473684210527,7.82885655815109e-09,3.6526907832017336e-08,1.7506198686048147e-10,0.0005,2.5906033817998203e-06
7.0,0.052631578947368425,3.1366108337769114e-09,3.664538761077974e-08,-2.0649209564907788e-10,0.0005,1.2547526229384207e-06
7.0,0.05736842105263158,8.626056638572117e-09,3.8261109552400655e-08,-3.2318050434310557e-10,0.0005,2.5142061197666735e-06
7.0,0.06210526315789474,1.1967777670297721e-08,3.738417050353362e-08,1.9573900252580952e-10,0.0005,2.955572269941521e-06
7.0,0.0668421052631579,1.0476275452918869e-08,3.4879318252024886e-08,8.564666343391645e-10,0.0005,2.7843200975510683e-06
7.0,0.07157894736842106,9.821199058498699e-09,3.418237565937834e-08,1.335808788041312e-09,0.0005,2.1468868410626726e-06
7.0,0.07631578947368421,1.7710126843161224e-08,3.496224354696413e-08,-1.964145019090665e-10,0.0005,3.293774981600274e-06
7.0,0.08105263157894736,1.6421576858358145e-08,3.393784920322241e-08,1.604570219911595e-09,0.0005,2.924105103484581e-06
7.0,0.08578947368421053,2.5529144802292167e-08,3.8446143786259116e-08,1.0737446154764443e-09,0.0005,4.039525889491129e-06
7.0,0.09052631578947369,1.2921302241364458e-08,3.667194614852578e-08,2.88675951108061e-09,0.0005,2.509505374518204e-06
7.0,0.09526315789473684,2.1702386355957128e-08,3.866878612535566e-08,-3.22234862768138e-09,0.0005,2.622070604826001e-06
7.0,0.1,1.519465969743253e-08,3.675880073243717e-08,-4.381337200055138e-10,0.0005,2.509505272572811e-06
8.0,0.01,1.5143392941978092e-09,4.174906001334242e-08,-6.794469521356509e-10,0.0005,3.98749154264733e-06
8.0,0.01473684210526316,1.6479912581653536e-09,4.079160884962997e-08,-9.949781369123161e-10,0.0005,2.5906034902077784e-06
8.0,0.019473684210526317,1.721616530192871e-09,4.187832166858101e-08,3.4839274472317646e-10,0.0005,2.178353932723456e-06
8.0,0.024210526315789474,2.308340951805581e-09,4.022865158177996e-08,6.569193375262764e-11,0.0005,2.5142061592441005e-06
8.0,0.02894736842105263,5.727221175923868e-09,4.205542981721893e-08,1.532832519553567e-11,0.0005,3.905940007396914e-06
8.0,0.03368421052631579,4.2102534376222636e-09,4.1333036992584775e-08,-1.5825416339882549e-09,0.0005,2.8157872926134817e-06
8.0,0.03842105263157895,3.864794745905369e-09,4.226573803693942e-08,1.1117777741055251e-11,0.0005,2.338706367955505e-06
8.0,0.04315789473684211,4.301533159477959e-09,4.029410168634754e-08,2.3356872393127433e-10,0.0005,2.178354001995392e-06
8.0,0.04789473684210527,4.170764852403518e-09,4.3841813329116855e-08,1.0532717076980012e-09,0.0005,2.514206047353282e-06
8.0,0.052631578947368425,1.1105738979010843e-08,4.29704758702366e-08,-7.85239432178027e-10,0.0005,3.399288976801815e-06
8.0,0.05736842105263158,3.902795586641204e-09,4.1815945618013166e-08,-2.9148034742642888e-09,0.0005,2.0343214209490796e-06
8.0,0.06210526315789474,9.189151968551608e-09,4.117794795890665e-08,-1.8008690534345084e-09,0.0005,2.426003571338441e-06
8.0,0.0668421052631579,1.753440398035083e-08,4.262035106802417e-08,5.938202216418301e-10,0.0005,4.073343702857027e-06
8.0,0.07157894736842106,1.9053931178626875e-08,4.2127406737438796e-08,-1.982142892661583e-10,0.0005,4.373027852305701e-06
8.0,0.07631578947368421,6.14696305879475e-09,3.923532441470782e-08,-1.9063565564408614e-09,0.0005,1.7008197118279926e-06
8.0,0.08105263157894736,1.7388105445206777e-08,4.315394256608088e-08,-1.2087989613828288e-09,0.0005,2.9917403694426995e-06
8.0,0.08578947368421053,2.1959275372496397e-08,4.26093130192332e-08,3.1037207051477322e-09,0.0005,3.401639552904159e-06
8.0,0.09052631578947369,2.068436067584098e-08,4.3965253014690954e-08,1.9586458007442094e-09,0.0005,3.264204796774639e-06
8.0,0.09526315789473684,2.6789561917556877e-08,4.08387482088982e-08,-1.0628355537287814e-09,0.0005,3.207922819454955e-06
8.0,0.1,2.3468523355260034e-08,4.109322861838813e-08,-2.0491467985887355e-09,0.0005,3.399289033359233e-06
9.0,0.01,1.3435053655962214e-09,4.642725782485571e-08,-1.21288137674333e-12,0.0005,2.5142062145036613e-06
9.0,0.01473684210526316,1.054396822356273e-09,4.7035889039283204e-08,-4.1117757620007143e-10,0.0005,2.9846891344835764e-06
9.0,0.019473684210526317,2.46954842707199e-09,4.622539066994266e-08,6.846524777038496e-10,0.0005,2.784320124942479e-06
9.0,0.024210526315789474,4.213269907595683e-09,4.7565167066630695e-08,-7.620224282680721e-10,0.0005,3.73749152422652e-06
9.0,0.02894736842105263,8.338417188725588e-09,4.7161118553253445e-08,1.6842636879623706e-10,0.0005,6.714084817251765e-06
9.0,0.03368421052631579,7.693625914979932e-09,4.7489632433214073e-08,-4.0060243792246977e-10,0.0005,3.9579215904976755e-06
9.0,0.03842105263157895,8.912739475535859e-09,4.6374011220113346e-08,-3.525899699052929e-10,0.0005,5.3233953919967516e-06
9.0,0.04315789473684211,9.636340720600105e-09,4.641643710669002e-08,-1.7539110840509407e-10,0.0005,4.5485272819502286e-06
9.0,0.04789473684210527,9.118887913303324e-09,4.8776946158112884e-08,-2.311865219291708e-09,0.0005,4.068642827366102e-06
9.0,0.052631578947368425,1.1164088722555048e-08,4.961140929356561e-08,1.572255889460788e-09,0.0005,4.073343692334164e-06
9.0,0.05736842105263158,1.726645366162233e-08,4.770403666367592e-08,-2.3558717129065365e-10,0.0005,4.692560036014189e-06
9.0,0.06210526315789474,1.537770244585268e-08,4.670624110156572e-08,1.3850269305141745e-09,0.0005,4.624925048583384e-06
9.0,0.0668421052631579,1.912443127234763e-08,4.7304431436051846e-08,2.935258493588543e-10,0.0005,4.543826741753826e-06
9.0,0.07157894736842106,1.5407359220147882e-08,4.4514613064875204e-08,1.14492938020119e-09,0.0005,3.7599559820085578e-06
9.0,0.07631578947368421,9.465294836457855e-09,4.822287044556906e-08,9.553808648067333e-10,0.0005,2.5142060883018254e-06
9.0,0.08105263157894736,2.8345117930465687e-08,4.1665428774915715e-08,-7.206765854500787e-11,0.0005,4.658742344241354e-06
9.0,0.08578947368421053,2.1184898895795537e-08,5.125103544976109e-08,8.382645961699668e-09,0.0005,4.373027828771075e-06
9.0,0.09052631578947369,1.7437917839209986e-08,4.6355640671431476e-08,-7.873995417065974e-09,0.0005,3.2914243115614254e-06
9.0,0.09526315789473684,2.4722016343775925e-08,5.128361475841226e-08,1.956289114099057e-09,0.0005,3.2890740130219374e-06
9.0,0.1,2.1437588173858334e-08,4.590105593332595e-08,-3.638850356203272e-09,0.0005,2.8406033771516047e-06
10.0,0.01,1.6702277079978729e-09,5.2214007218823464e-08,-1.5155424533076052e-11,0.0005,4.6587424088425315e-06
10.0,0.01473684210526316,2.08417960863314e-09,5.203582441277092e-08,1.0243586953149873e-09,0.0005,3.759956029478909e-06
10.0,0.019473684210526317,2.5710853461836834e-09,5.2392986696885995e-08,4.342245211522155e-10,0.0005,3.2937748514537294e-06
10.0,0.024210526315789474,3.783538862651184e-09,5.273495347120864e-08,-4.906017904905949e-10,0.0005,4.848211481241731e-06
10.0,0.02894736842105263,3.438187883726263e-09,5.2190781249157726e-08,-1.9717681165040564e-10,0.0005,2.9917403175037924e-06
10.0,0.03368421052631579,7.1497084099096014e-09,5.187228048970957e-08,-1.930571164531417e-11,0.0005,5.154947150084601e-06
10.0,0.03842105263157895,1.127478215011048e-08,5.2118428115958845e-08,7.066679345974055e-10,0.0005,4.802775091351292e-06
10.0,0.04315789473684211,9.6068387504394e-09,5.1389054349069764e-08,-1.2624337915291127e-09,0.0005,4.248843190610675e-06
10.0,0.04789473684210527,1.6590411473090298e-08,5.137790568399807e-08,7.840028247165848e-10,0.0005,5.0457238885966094e-06
10.0,0.052631578947368425,1.2886423583446528e-08,5.255985971169816e-08,-1.155787565671092e-10,0.0005,4.210324779850022e-06
10.0,0.05736842105263158,1.157526505457837e-08,5.3604925640620675e-08,-3.8457693508193495e-10,0.0005,4.073343841989827e-06
10.0,0.06210526315789474,2.0688430216191995e-08,5.377640491166409e-08,1.1441945577032131e-10,0.0005,5.10245915632023e-06
10.0,0.0668421052631579,1.9827098702281238e-08,5.2863366765139505e-08,-7.245981736379471e-10,0.0005,4.963127492522175e-06
10.0,0.07157894736842106,2.2511150870015747e-08,5.1533616815969576e-08,9.645528066814174e-10,0.0005,4.550878008802065e-06
10.0,0.07631578947368421,1.3558531821254444e-08,5.3862258063401606e-08,-2.5018350717031896e-09,0.0005,3.205572440203277e-06
10.0,0.08105263157894736,2.2924810047237632e-08,5.4533836627020974e-08,7.035683950165373e-10,0.0005,4.848211665729462e-06
10.0,0.08578947368421053,2.5498831071375272e-08,4.799629112635402e-08,8.816129841994206e-10,0.0005,3.881524040931823e-06
10.0,0.09052631578947369,2.789797832064176e-08,5.0197700097003835e-08,-1.4348435505260599e-09,0.0005,4.848211822326608e-06
10.0,0.09526315789473684,1.873623252678184e-08,5.288355356681175e-08,-6.674342239435298e-10,0.0005,2.8744207925362294e-06
10.0,0.1,2.411608663251916e-08,4.675158158946964e-08,-4.425078193652348e-09,0.0005,3.4016394473048677e-06
11.0,0.01,1.8284105858506406e-09,5.8165462874156094e-08,-2.570990468964444e-10,0.0005,5.544278643032623e-06
11.0,0.01473684210526316,2.7324223268757415e-09,5.75132091559288e-08,-5.665804821669237e-12,0.0005,4.994594663505449e-06
11.0,0.019473684210526317,3.914165675471282e-09,5.6314240357381095e-08,2.448530241325211e-10,0.0005,5.028412145267133e-06
11.0,0.024210526315789474,4.3676315498641015e-09,5.690415144624091e-08,6.287630654087497e-10,0.0005,4.850108865225177e-06
11.0,0.02894736842105263,6.463795905692247e-09,5.781265206527027e-08,-9.539956791225553e-11,0.0005,3.599604872085507e-06
11.0,0.03368421052631579,8.751069959276892e-09,5.717067673149154e-08,-3.798796969203894e-10,0.0005,4.18310656280765e-06
11.0,0.03842105263157895,7.955730056420914e-09,5.7050344145487744e-08,1.6802722761026263e-09,0.0005,4.325240770820201e-06
11.0,0.04315789473684211,8.925421137308148e-09,5.761273257009706e-08,1.2301571373974697e-09,0.0005,4.3730277796199845e-06
11.0,0.04789473684210527,8.851225653223365e-09,5.656630333575717e-08,1.613195900031121e-10,0.0005,4.070993181299237e-06
11.0,0.052631578947368425,1.1961467633063475e-08,5.726241252980275e-08,2.147365038905681e-09,0.0005,4.485139890806003e-06
11.0,0.05736842105263158,1.4496164930710105e-08,5.459937413640787e-08,2.741853802620292e-09,0.0005,4.2599559854063435e-06
11.0,0.06210526315789474,1.1861767259180044e-08,5.595753217650213e-08,1.2184663276178206e-09,0.0005,3.565786118597324e-06
11.0,0.0668421052631579,1.5493098029598815e-08,5.6918773919023024e-08,-1.8320602385388535e-09,0.0005,3.399289071895653e-06
11.0,0.07157894736842106,2.0389352765795762e-08,5.912660083805342e-08,-1.5145026741724278e-09,0.0005,4.2937735480688515e-06
11.0,0.07631578947368421,3.2703930821677086e-08,5.4190448257268385e-08,-3.851572207780371e-09,0.0005,6.046627809905255e-06
11.0,0.08105263157894736,1.548324439969983e-08,5.90053342834231e-08,-1.2523202159105421e-09,0.0005,3.5958093717660733e-06
11.0,0.08578947368421053,1.6945683351326966e-08,5.7206686258589494e-08,5.365399461908615e-10,0.0005,3.0343201231598048e-06
11.0,0.09052631578947369,2.4092938253937165e-08,5.7239184086551136e-08,-1.7350911649957212e-09,0.0005,3.881524210453058e-06
11.0,0.09526315789473684,3.085142354029128e-08,5.975162124652058e-08,-2.4842417922395597e-11,0.0005,3.9059402010126265e-06
11.0,0.1,2.337842290418786e-08,6.142182584512222e-08,5.358390462471447e-09,0.0005,4.24884331371798e-06
12.0,0.01,1.5789224746722997e-09,6.29767584631972e-08,-1.4229953029234816e-10,0.0005,4.992244208379556e-06
12.0,0.01473684210526316,1.934959276968719e-09,6.263734557776225e-08,-2.2968765456533443e-10,0.0005,2.8720704739602913e-06
12.0,0.019473684210526317,4.015544813392039e-09,6.296908510074066e-08,1.0633533123968726e-09,0.0005,3.8701708671665454e-06
12.0,0.024210526315789474,3.488712281427774e-09,6.351920353499225e-08,6.472054109650216e-10,0.0005,3.9082903179801914e-06
12.0,0.02894736842105263,7.361124899447194e-09,6.123062130698976e-08,-1.6347617796029263e-10,0.0005,5.242244151237593e-06
12.0,0.03368421052631579,8.491133249903764e-09,6.119959080990237e-08,-6.70554151189672e-10,0.0005,4.606708085075386e-06
12.0,0.03842105263157895,1.2547062531442986e-08,6.38970517562359e-08,7.594165096229891e-10,0.0005,5.938309891518204e-06
12.0,0.04315789473684211,7.963260055905073e-09,6.389770119488935e-08,-2.6460662851416092e-09,0.0005,3.5456718697916854e-06
12.0,0.04789473684210527,1.3122261071107483e-08,6.335991813340353e-08,-3.968366162836085e-10,0.0005,5.325745982653116e-06
12.0,0.052631578947368425,1.2531066218032007e-08,6.029481455364801e-08,1.7249020252492882e-09,0.0005,4.9922443429830575e-06
12.0,0.05736842105263158,2.6090165229600377e-08,6.093880985380512e-08,1.473534909449866e-10,0.0005,5.527958823558001e-06
12.0,0.06210526315789474,1.2711877957449865e-08,6.329412326421817e-08,4.126495318481e-10,0.0005,3.764257814549689e-06
12.0,0.0668421052631579,1.421953811278595e-08,6.329135851907218e-08,1.8595251710535157e-10,0.0005,3.649289133126507e-06
12.0,0.07157894736842106,1.0398587207537543e-08,6.319262149574198e-08,2.99611440795672e-09,0.0005,3.403989865036009e-06
12.0,0.07631578947368421,2.0932653725131835e-08,5.785050609038805e-08,-2.5746790308079756e-09,0.0005,4.04567195966157e-06
12.0,0.08105263157894736,1.6633861016213128e-08,6.009676268457908e-08,-5.423153718623129e-10,0.0005,4.178857955781329e-06
12.0,0.08578947368421053,3.335219333726098e-08,5.866014672346586e-08,-8.664033393673797e-10,0.0005,5.632028089840773e-06
12.0,0.09052631578947369,3.8589652670877244e-08,6.650213581321215e-08,6.506622805358439e-09,0.0005,5.170094319040412e-06
12.0,0.09526315789473684,2.9065662674585233e-08,6.617476793133715e-08,-2.3946133940209616e-09,0.0005,4.2914230699028734e-06
12.0,0.1,3.043912178822153e-08,6.031078162531841e-08,-7.608625045167657e-10,0.0005,4.545723800609688e-06
13.0,0.01,1.9843305087222366e-09,6.71034005600228e-08,3.70408028043666e-11,0.0005,5.505946246459522e-06
13.0,0.01473684210526316,1.7231295106084572e-09,6.824074777579405e-08,9.222595667653067e-11,0.0005,3.8477064332445405e-06
13.0,0.019473684210526317,3.90904343338751e-09,6.800237958001333e-08,2.711137115559142e-10,0.0005,4.735139791901781e-06
13.0,0.024210526315789474,4.337703285510122e-09,6.745695260635166e-08,-1.6563153027358917e-09,0.0005,4.1315239889757976e-06
13.0,0.02894736842105263,6.433886203018303e-09,6.74397584205218e-08,-1.602984407382224e-09,0.0005,5.210776914757377e-06
13.0,0.03368421052631579,6.251842379581432e-09,6.859791435968415e-08,9.845050149088161e-10,0.0005,4.550877890212787e-06
13.0,0.03842105263157895,1.2339823063724773e-08,6.857644671682084e-08,-1.5514000607788932e-09,0.0005,6.251697475542783e-06
13.0,0.04315789473684211,9.031879664061419e-09,6.928006828733732e-08,2.4641989950679773e-10,0.0005,4.320539923570172e-06
13.0,0.04789473684210527,9.876730496158025e-09,7.032066434339127e-08,1.2889418295038994e-09,0.0005,4.685508838744694e-06
13.0,0.052631578947368425,9.650302944584919e-09,6.676548864418481e-08,9.101376282757009e-10,0.0005,3.5456718922193268e-06
13.0,0.05736842105263158,9.699005442764955e-09,6.875603543376206e-08,-1.0516115155108701e-09,0.0005,4.3567078433212465e-06
13.0,0.06210526315789474,1.260470108778215e-08,6.783588199816193e-08,-5.353274333772446e-10,0.0005,3.870170943079103e-06
13.0,0.0668421052631579,2.5749012869536626e-08,6.407276110005038e-08,-1.036157022938823e-09,0.0005,5.645278010269097e-06
